,date,time,timestamp,comment_id,created,body,polarity,subjectivity
9,2/1/2021,7:04,2/1/2021 7:04,glk6r2n,1612181045,BCRX looks ok but I'm going for KODK ,0.5,0.5
12,2/1/2021,3:33,2/1/2021 3:33,gljgrci,1612168408,https://www.reddit.com/r/Wallstreetbetsnew/comments/l8zar3/kodk_ripped_off_by_big_technology_and_targeted_by/?utm_source=share&utm_medium=ios_app&utm_name=iossmf,0.0,0.0
14,2/2/2021,14:42,2/2/2021 14:42,glpx6n7,1612294958,KODK will fly,0.8,0.9
15,2/24/2021,20:52,2/24/2021 20:52,golueri,1614217978," WHY IS WALL STREET MANIPULATING THE MARKET ?  


One MAJOR company affected is $KODK - they want you to sell. [\#HoldTheLine](https://anonup.com/search/posts?q=HoldTheLine)  


\*KODAK Alaris?  
Look it up. Even a 2018 case study regarding ELECTION INTEGRITY.  
\-->\[new system\]  
\*KODAK Pharma IS replacing FRAUD PHARMA.  
\*KODAK developed their own CRYPTO.  


Who has primary holds in $KODK ?  
SUSQUEHANNA INTERNATIONAL.  


What other major positions do they hold?  


What happened at SUSQUEHANNA, PENNSYLVANIA??  


THE STORY OF 6 NATIONS.  
\[\[FOOKING BOOM\]\]  


It is 1776 AGAIN. No doubt.",0.157142857,0.45357142899999997
26,2/9/2021,21:48,2/9/2021 21:48,gmq6s1j,1612925325,"KODK market cap is under 1billion, NOK is 23billion..  good luck pumping NOK ",0.7,0.6
27,2/11/2021,6:33,2/11/2021 6:33,gmwdp37,1613043221,KODK for sure. Most of the shares that are available are short so they can easily get squeezed like a fucking lemon,0.20555555600000003,0.62037037
28,2/12/2021,10:50,2/12/2021 10:50,gn1d3ar,1613145012,$KODK for the win.  It spiked on the CEO mentioning old news.  Any little thing sets it off,0.2375,0.36666666700000006
29,2/13/2021,23:26,2/13/2021 23:26,gna7fe5,1613276819,Lets get KODK moving,0.0,0.0
30,2/21/2021,6:43,2/21/2021 6:43,go6w1pe,1613907807,kodk is my next big hold bought 55000 worth this last week holding till 800 a share,0.075,0.066666667
31,2/24/2021,20:52,2/24/2021 20:52,golucz2,1614217960," WHY IS WALL STREET MANIPULATING THE MARKET ?  


One MAJOR company affected is $KODK - they want you to sell. [\#HoldTheLine](https://anonup.com/search/posts?q=HoldTheLine)

\*KODAK Alaris?  
Look it up. Even a 2018 case study regarding ELECTION INTEGRITY.  
\-->\[new system\]  
\*KODAK Pharma IS replacing FRAUD PHARMA.  
\*KODAK developed their own CRYPTO.  


Who has primary holds in $KODK ?  
SUSQUEHANNA INTERNATIONAL.  


What other major positions do they hold?  


What happened at SUSQUEHANNA, PENNSYLVANIA??  


THE STORY OF 6 NATIONS.  
\[\[FOOKING BOOM\]\]  


It is 1776 AGAIN. No doubt.",0.157142857,0.45357142899999997
33,3/10/2021,17:47,3/10/2021 17:47,gqg7pot,1615416463,kodk amc gme to the fuckin moooooooon,0.0,0.0
34,3/4/2021,8:50,3/4/2021 8:50,gpmi9tz,1614865850,"kodk
Sndl
sos
amc
gme 
never selling lol I forgot my password .... can you help lmao",0.7,0.85
35,3/16/2021,6:37,3/16/2021 6:37,gr2yrm7,1615891078,Kodk to the moon,0.0,0.0
40,1/27/2021,19:49,1/27/2021 19:49,gkyvikx,1611794995,Fuck kodk u just trapped in that shit from a cpl weeks ago. I  you.  BB is the way now!,-0.283333333,0.46666666700000003
2898,1/29/2021,17:05,1/29/2021 17:05,gl8i6tl,1611957939,C'mon KODK let's make some $$$$,0.0,0.0
2902,2/4/2021,5:09,2/4/2021 5:09,glxtntv,1612433378,Just in with 5000 shares.  Kodk to the moon!! ,0.0,0.0
2903,2/4/2021,5:10,2/4/2021 5:10,glxtt6u,1612433451,Just bought into $KODK  ,0.0,0.0
2904,2/4/2021,7:11,2/4/2021 7:11,gly84de,1612440715,In on $KODK...may add more if theres a dip,0.5,0.5
2905,2/4/2021,17:46,2/4/2021 17:46,glzpwlb,1612478779,I AM reafdy to flyKODK has lots of value in it and lots of shorts! Dont let loose and make them lose!!!! YOLOYOLOYOLO$$$$$$$$$$$$$$ $50 target and holding...,-0.18780048100000002,0.269230769
2908,3/3/2021,17:00,3/3/2021 17:00,gpj83v8,1614808800,"The CROOKED HF POS will do everything to destroyed the American dream for their own GREED , sooner or later this will start to move like GME . GO AMERICA  GO KODK",0.15,0.275
2909,3/10/2021,16:15,3/10/2021 16:15,gqfx9n2,1615410931,KODK to the moon  https://www.google.com/amp/s/13wham.com/amp/news/local/sec-filing-outlines-golisanos-big-stock-purchase-in-kodak,0.0,0.0
9299,4/3/2021,22:38,4/3/2021 22:38,gt9qbw6,1617503934,"Here are some more institutional owners:

DE Shaw **642,215**  
Geode Capital Management **552,878**  
Wells Fargo **530,545**  
State Street Corp **492,931**  
Jane Street Group **372,607**  
Sculptor Capital **310,500**  
Northern Trust **281,608**

Bridgeway Capital **265,581**  
Susquehanna International **223,680**  
Atom Investors **216,228**  
Arrowstreet Capital **215,164**  
Jackson Wealth **200,000**

Invesco **165,836**  
Green Square Capital **159,792**  
Exodus Point Capital **148,445**  
Bank of NY **112,236**  
Swiss National **94,100**  
Paloma Partners **86,710**

JP Morgan **68,384**

Alpine Global **65,600**  
Advisor Group **61,846**  


So.....that's another \~6 million shares accounted for.  So, only \~18 million shares for day traders?

[https://www.wallstreetzen.com/stocks/us/nyse/kodk/ownership](https://www.wallstreetzen.com/stocks/us/nyse/kodk/ownership)",0.06,0.36
9304,1/28/2021,17:13,1/28/2021 17:13,gl39br0,1611872012,KODK is the only one that didnt get blocked,0.0,1.0
9311,1/29/2021,4:06,1/29/2021 4:06,gl69ddu,1611911187,[https://www.reddit.com/r/Wallstreetbetsnew/comments/l7dgal/kodk\_dd\_and\_short\_squeeze\_potential/](https://www.reddit.com/r/Wallstreetbetsnew/comments/l7dgal/kodk_dd_and_short_squeeze_potential/),0.0,0.0
9321,2/4/2021,5:05,2/4/2021 5:05,glxt6ek,1612433141,Bought into $kodk,0.0,0.0
9322,2/4/2021,7:09,2/4/2021 7:09,gly7uxv,1612440571,KODK locked and loaded . Lets go for a ride.,0.0,0.0
9325,2/5/2021,5:39,2/5/2021 5:39,gm2jaa5,1612521564,There are so many penny pinchers going on in KODK its extremely annoying,-0.15,0.7
9329,2/9/2021,22:50,2/9/2021 22:50,gmqfkk3,1612929056,next target for KODK is $20?,0.0,0.0
9331,2/24/2021,20:49,2/24/2021 20:49,goltv89,1614217785,"$KODK = GLOBAL DOMINATION.  

\*KODAK Alaris?  
Look it up. Even a 2018 case study regarding ELECTION INTEGRITY.  
\-->\[new system\]  
\*KODAK Pharma IS replacing FRAUD PHARMA.  
\*KODAK developed their own CRYPTO.  


Who has primary holds in $KODK ?  
SUSQUEHANNA INTERNATIONAL.  


What other major positions do they hold?  


What happened at SUSQUEHANNA, PENNSYLVANIA??  


THE STORY OF 6 NATIONS.  
\[\[FOOKING BOOM\]\]  


It is 1776 AGAIN. No doubt.",0.148214286,0.382142857
9835,1/29/2021,3:35,1/29/2021 3:35,gl659qe,1611909344,Lets goooo $KODK and $WTER Im in!!! Still in $GME hold!!!,0.0,0.0
9838,1/31/2021,1:35,1/31/2021 1:35,glezuph,1612074927,"FYI , in the 80s KODK was involved as pharmaceutical company",0.0,0.0
9839,1/29/2021,19:52,1/29/2021 19:52,gl99n3i,1611967968,"Kodk doesn't have the momentum behind it for a short squeeze (at least right now). What are the outlooks for long term holding? 

It is clear CVS will be rapidly growing in the near future. Will their rapid growth warrant growth in the API industry?

If anything, we need more insulin lol",0.103571429,0.444404762
9840,1/29/2021,21:17,1/29/2021 21:17,gl9nz9v,1611973023,$KODK looks really good! I support companies that know how to reinvent themselves! Starting my ownership today...  ,0.5,0.35
9843,1/31/2021,1:34,1/31/2021 1:34,glezqs8,1612074873,"GO KODK , A PROUD AMERICAN COMPANY WHO THE  HEDGE FUND CROOKS FILTHY RICH ARE TRYING TO DESTROY",0.035,0.55
9844,1/31/2021,1:37,1/31/2021 1:37,glf02st,1612075036,"GO KODK In a deal aimed at reducing U.S. reliance on China, the federal government announced Tuesday that it plans to give Eastman Kodak a $765 million loan to start producing the chemical ingredients needed to make pharmaceuticals. Support our journalism. Subscribe today.",0.0,0.0
9847,2/1/2021,1:27,2/1/2021 1:27,glj0w6n,1612160828,Just got my KODK!!,0.0,0.0
9848,2/2/2021,0:15,2/2/2021 0:15,glnfokm,1612242941,"Check out this post about KODK:

&#x200B;

 [https://www.reddit.com/r/investing/comments/lab3d2/kodk\_has\_a\_kodak\_moment/?utm\_source=share&utm\_medium=web2x&context=3](https://www.reddit.com/r/investing/comments/lab3d2/kodk_has_a_kodak_moment/?utm_source=share&utm_medium=web2x&context=3)",0.0,0.0
9849,2/3/2021,23:21,2/3/2021 23:21,glwjri4,1612412477,Kodk making me bread,0.0,0.0
9851,2/4/2021,5:07,2/4/2021 5:07,glxte9c,1612433247,Just bought into $KODK.  ,0.0,0.0
9852,2/24/2021,20:55,2/24/2021 20:55,golur8k,1614218103," WHY IS WALL STREET MANIPULATING THE MARKET ?  


One MAJOR company affected is $KODK - they want you to sell. [\#HoldTheLine](https://anonup.com/search/posts?q=HoldTheLine)  


\*KODAK Alaris?  
Look it up. Even a 2018 case study regarding ELECTION INTEGRITY.  
\-->\[new system\]  
\*KODAK Pharma IS replacing FRAUD PHARMA.  
\*KODAK developed their own CRYPTO.  


Who has primary holds in $KODK ?  
SUSQUEHANNA INTERNATIONAL.  


What other major positions do they hold?  


What happened at SUSQUEHANNA, PENNSYLVANIA??  


THE STORY OF 6 NATIONS.  
\[\[FOOKING BOOM\]\]  


It is 1776 AGAIN. No doubt.",0.157142857,0.45357142899999997
12224,2/4/2021,2:41,2/4/2021 2:41,glxbjmi,1612424484,Trump also has KODK in covid vaccines. Lots of government money going their way,0.0,0.0
12227,2/4/2021,7:44,2/4/2021 7:44,glybl66,1612442662,Kodk market cap is still under 1 billion. Should be easy pump pump,0.433333333,0.833333333
12228,2/4/2021,20:07,2/4/2021 20:07,gm0asx0,1612487232,KODK is having some unusual activity the past few weeks and the past two days. Kodak is likely to drop the loan news real soon.,-0.05,0.483333333
12229,2/24/2021,20:54,2/24/2021 20:54,goluoch,1614218075," WHY IS WALL STREET MANIPULATING THE MARKET ?  


One MAJOR company affected is $KODK - they want you to sell. [\#HoldTheLine](https://anonup.com/search/posts?q=HoldTheLine)  


\*KODAK Alaris?  
Look it up. Even a 2018 case study regarding ELECTION INTEGRITY.  
\-->\[new system\]  
\*KODAK Pharma IS replacing FRAUD PHARMA.  
\*KODAK developed their own CRYPTO.  


Who has primary holds in $KODK ?  
SUSQUEHANNA INTERNATIONAL.  


What other major positions do they hold?  


What happened at SUSQUEHANNA, PENNSYLVANIA??  


THE STORY OF 6 NATIONS.  
\[\[FOOKING BOOM\]\]  


It is 1776 AGAIN. No doubt.",0.157142857,0.45357142899999997
12230,2/4/2021,5:13,2/4/2021 5:13,glxu3jk,1612433594,Just bought into $KODK  ,0.0,0.0
12641,3/18/2021,1:42,3/18/2021 1:42,gra98sp,1616046137,$KODK will fly to mars.,0.8,0.9
